{
    "scope":{
        "folders":{
            "src":"zbee"
        },
        "suffixes":{
            "template":[
                ".js",
                ".vue",
                ".json"
            ]
        },
        "bin":{
            "template":{
                ".vue":"text"
            }
        }
    },
    "compile":{
        "batch":[
            "command::*",
            "code.script.function.vue.listener"
        ]
    },
    "package":{
        "zbee":{
            "includes":[
                "ue::*",
                "data.*"
            ],
            "scope":{
                "ue":{
                    ".js":"script.function.vue.listener"
                }
            },
            "to":"script.webpack",
            "target":"src/utils/zbee-vue.js",
            "watch":[
                "src",
                "ue"
            ]
        }
    },
    "backup":{
        "vue":{
            "includes":[
                "command",
                "config",
                "lib",
                "src",
                "template",
                "ue",
                "ui",
                "zbee",
                ".babelrc",
                ".gitignore",
                "Makefile",
                "package.json",
                "postcss.config.js",
                "properties.json",
                "README.md",
                "webpack.config.js",
                "yarn.lock"
            ],
            "backup":"zip"   
        }
    },
    "command":{
        "vue":"vue",
        "gt":"vue.generate.view",
        "rt":"vue.remove.view",
        "gc":"vue.generate.component",
        "rc":"vue.remove.component"
    }
}