{
    "blocks":[{
        "title":"设置按钮组的视图模型",
        "items":{
            "control":"button",
            "text":"点击我",
            "onclick":"sample.model.view.ClickMe"
        }
    },{
        "title":"按钮组",
        "items":{
            "control":"buttongroup",
            "onclick":"sample.event.group.Click",
            "buttons":[{
                "text":"上一页"
            },{
                "text":"下一页"
            }]
        }
    }]
}