{
    "blocks":[{
        "title":"默认按钮",
        "items":{
            "control":"button",
            "text":"点击我"
        }
    },{
        "title":"类型按钮",
        "items":[{
            "id":"buttonTest",
            "type":"primary",
            "control":"button",
            "text":"保存"
        },{
            "type":"text",
            "control":"button",
            "text":"文字按钮"
        },{
            "type":"success",
            "control":"button",
            "text":"成功按钮"
        },{
            "type":"info",
            "control":"button",
            "text":"信息按钮"
        },{
            "type":"warning",
            "control":"button",
            "text":"警告按钮"
        },{
            "type":"danger",
            "control":"button",
            "text":"危险按钮"
        }]
    },{
        "title":"朴素按钮",
        "items":{
            "control":"button",
            "type":"primary",
            "plain":true,
            "text":"朴素按钮"
        }
    },{
        "title":"保存按钮",
        "items":{
            "control":"savebutton"
        }
    },{
        "title":"重置按钮",
        "items":{
            "control":"resetbutton"
        }
    },{
        "title":"取消按钮",
        "items":{
            "control":"cancelbutton"
        }
    },{
        "title":"查询按钮",
        "items":{
            "control":"searchbutton"
        }
    },{
        "title":"按扭禁用",
        "items":{
            "control":"button",
            "text":"按钮",
            "disabled":true
        }
    },{
        "title":"圆角按钮",
        "items":{
            "control":"button",
            "text":"按钮",
            "round":true
        }
    },{
        "title":"载入中按钮",
        "items":{
            "type":"primary",
            "control":"button",
            "loading":true,
            "text":"按钮"
        }
    },{
        "title":"图文按钮",
        "items":{
            "control":"button",
            "icon":"el-icon-share",
            "text":"分享按钮"
        }
    },{
        "title":"图标右置的图文按钮",
        "items":{
            "control":"button",
            "iconAlign":"right",
            "icon":"el-icon-share",
            "text":"分享按钮"
        }
    },{
        "title":"图标按钮",
        "items":{
            "control":"button",
            "icon":"el-icon-share"
        }
    },{
        "title":"文本按钮",
        "items":{
            "control":"textbutton",
            "text":"文本按钮"
        }
    },{
        "title":"按钮组",
        "items":{
            "control":"buttongroup",
            "type":"primary",
            "buttons":[{
                "text":"上一页"
            },{
                "text":"下一项"
            }]
        }
    }]
}