{
    "blocks":[{
        "title":"按钮事件响应",
        "items":{
            "control":"button",
            "text":"点击我",
            "onclick":"sample.event.ClickMe"
        }
    },{
        "title":"按钮组事件响应",
        "items":{
            "control":"buttongroup",
            "onclick":"sample.event.group.Click",
            "buttons":[{
                "text":"上一页"
            },{
                "text":"下一页"
            }]
        }
    }]
}